i	height	delta	push_mod	rock_mod	push_i
0	0	0	0	0	0
1	3	3	4	1	4
2	5	2	8	2	8
3	6	1	13	3	13
4	8	2	20	4	20
5	9	1	24	0	24
6	12	3	28	1	28
7	14	2	32	2	32
8	16	2	37	3	37
9	16	0	3	4	43
10	17	1	12	0	52
11	20	3	16	1	56
12	22	2	20	2	60
13	22	0	25	3	65
14	24	2	38	4	78
15	25	1	2	0	82
16	28	3	6	1	86
17	31	3	10	2	90
18	35	4	14	3	94
19	35	0	18	4	98
20	36	1	28	0	108
21	38	2	32	1	112
22	41	3	37	2	117
23	41	0	1	3	121
24	42	1	10	4	130
25	43	1	15	0	135
26	46	3	19	1	139
27	48	2	23	2	143
28	50	2	28	3	148
29	50	0	34	4	154
30	50	0	5	0	165
31	52	2	11	1	171
32	55	3	16	2	176
33	59	4	20	3	180
34	59	0	24	4	184
35	60	1	34	0	194
36	62	2	38	1	198
37	63	1	3	2	203
38	65	2	9	3	209
39	65	0	15	4	215
40	66	1	21	0	221
41	68	2	25	1	225
42	69	1	30	2	230
43	71	2	36	3	236
44	71	0	2	4	242
45	72	1	10	0	250
46	75	3	14	1	254
47	77	2	18	2	258
48	77	0	23	3	263
49	77	0	36	4	276
50	78	1	2	0	282
51	81	3	6	1	286
52	84	3	10	2	290
53	88	4	14	3	294
54	88	0	18	4	298
55	89	1	28	0	308
56	91	2	32	1	312
57	94	3	37	2	317
58	94	0	1	3	321
59	95	1	10	4	330
60	96	1	15	0	335
61	99	3	19	1	339
62	101	2	23	2	343
63	103	2	28	3	348
64	103	0	34	4	354
65	103	0	5	0	365
66	105	2	11	1	371
67	108	3	16	2	376
68	112	4	20	3	380
69	112	0	24	4	384
70	113	1	34	0	394
71	115	2	38	1	398
72	116	1	3	2	403
73	118	2	9	3	409
74	118	0	15	4	415
75	119	1	21	0	421
76	121	2	25	1	425
77	122	1	30	2	430
78	124	2	36	3	436
79	124	0	2	4	442
80	125	1	10	0	450
81	128	3	14	1	454
82	130	2	18	2	458
83	130	0	23	3	463
84	130	0	36	4	476
85	131	1	2	0	482
86	134	3	6	1	486
87	137	3	10	2	490
88	141	4	14	3	494
89	141	0	18	4	498
90	142	1	28	0	508
91	144	2	32	1	512
92	147	3	37	2	517
93	147	0	1	3	521
94	148	1	10	4	530
95	149	1	15	0	535
96	152	3	19	1	539
97	154	2	23	2	543
98	156	2	28	3	548
99	156	0	34	4	554
100	156	0	5	0	565
101	158	2	11	1	571
102	161	3	16	2	576
103	165	4	20	3	580
104	165	0	24	4	584
105	166	1	34	0	594
106	168	2	38	1	598
107	169	1	3	2	603
108	171	2	9	3	609
109	171	0	15	4	615
110	172	1	21	0	621
111	174	2	25	1	625
112	175	1	30	2	630
113	177	2	36	3	636
114	177	0	2	4	642
115	178	1	10	0	650
116	181	3	14	1	654
117	183	2	18	2	658
118	183	0	23	3	663
119	183	0	36	4	676
120	184	1	2	0	682
121	187	3	6	1	686
122	190	3	10	2	690
123	194	4	14	3	694
124	194	0	18	4	698
125	195	1	28	0	708
126	197	2	32	1	712
127	200	3	37	2	717
128	200	0	1	3	721
129	201	1	10	4	730
130	202	1	15	0	735
131	205	3	19	1	739
132	207	2	23	2	743
133	209	2	28	3	748
134	209	0	34	4	754
135	209	0	5	0	765
136	211	2	11	1	771
137	214	3	16	2	776
138	218	4	20	3	780
139	218	0	24	4	784
140	219	1	34	0	794
141	221	2	38	1	798
142	222	1	3	2	803
143	224	2	9	3	809
144	224	0	15	4	815
145	225	1	21	0	821
146	227	2	25	1	825
147	228	1	30	2	830
148	230	2	36	3	836
149	230	0	2	4	842
150	231	1	10	0	850
151	234	3	14	1	854
152	236	2	18	2	858
153	236	0	23	3	863
154	236	0	36	4	876
155	237	1	2	0	882
156	240	3	6	1	886
157	243	3	10	2	890
158	247	4	14	3	894
159	247	0	18	4	898
160	248	1	28	0	908
161	250	2	32	1	912
162	253	3	37	2	917
163	253	0	1	3	921
164	254	1	10	4	930
165	255	1	15	0	935
166	258	3	19	1	939
167	260	2	23	2	943
168	262	2	28	3	948
169	262	0	34	4	954
170	262	0	5	0	965
171	264	2	11	1	971
172	267	3	16	2	976
173	271	4	20	3	980
174	271	0	24	4	984
175	272	1	34	0	994
176	274	2	38	1	998
177	275	1	3	2	1003
178	277	2	9	3	1009
179	277	0	15	4	1015
180	278	1	21	0	1021
181	280	2	25	1	1025
182	281	1	30	2	1030
183	283	2	36	3	1036
184	283	0	2	4	1042
185	284	1	10	0	1050
186	287	3	14	1	1054
187	289	2	18	2	1058
188	289	0	23	3	1063
189	289	0	36	4	1076
190	290	1	2	0	1082
191	293	3	6	1	1086
192	296	3	10	2	1090
193	300	4	14	3	1094
194	300	0	18	4	1098
195	301	1	28	0	1108
196	303	2	32	1	1112
197	306	3	37	2	1117
198	306	0	1	3	1121
199	307	1	10	4	1130
200	308	1	15	0	1135
201	311	3	19	1	1139
202	313	2	23	2	1143
203	315	2	28	3	1148
204	315	0	34	4	1154
205	315	0	5	0	1165
206	317	2	11	1	1171
207	320	3	16	2	1176
208	324	4	20	3	1180
209	324	0	24	4	1184
210	325	1	34	0	1194
211	327	2	38	1	1198
212	328	1	3	2	1203
213	330	2	9	3	1209
214	330	0	15	4	1215
215	331	1	21	0	1221
216	333	2	25	1	1225
217	334	1	30	2	1230
218	336	2	36	3	1236
219	336	0	2	4	1242
220	337	1	10	0	1250
221	340	3	14	1	1254
222	342	2	18	2	1258
223	342	0	23	3	1263
224	342	0	36	4	1276
225	343	1	2	0	1282
226	346	3	6	1	1286
227	349	3	10	2	1290
228	353	4	14	3	1294
229	353	0	18	4	1298
230	354	1	28	0	1308
231	356	2	32	1	1312
232	359	3	37	2	1317
233	359	0	1	3	1321
234	360	1	10	4	1330
235	361	1	15	0	1335
236	364	3	19	1	1339
237	366	2	23	2	1343
238	368	2	28	3	1348
239	368	0	34	4	1354
240	368	0	5	0	1365
241	370	2	11	1	1371
242	373	3	16	2	1376
243	377	4	20	3	1380
244	377	0	24	4	1384
245	378	1	34	0	1394
246	380	2	38	1	1398
247	381	1	3	2	1403
248	383	2	9	3	1409
249	383	0	15	4	1415
250	384	1	21	0	1421
251	386	2	25	1	1425
252	387	1	30	2	1430
253	389	2	36	3	1436
254	389	0	2	4	1442
255	390	1	10	0	1450
256	393	3	14	1	1454
257	395	2	18	2	1458
258	395	0	23	3	1463
259	395	0	36	4	1476
260	396	1	2	0	1482
261	399	3	6	1	1486
262	402	3	10	2	1490
263	406	4	14	3	1494
264	406	0	18	4	1498
265	407	1	28	0	1508
266	409	2	32	1	1512
267	412	3	37	2	1517
268	412	0	1	3	1521
269	413	1	10	4	1530
270	414	1	15	0	1535
271	417	3	19	1	1539
272	419	2	23	2	1543
273	421	2	28	3	1548
274	421	0	34	4	1554
275	421	0	5	0	1565
276	423	2	11	1	1571
277	426	3	16	2	1576
278	430	4	20	3	1580
279	430	0	24	4	1584
280	431	1	34	0	1594
281	433	2	38	1	1598
282	434	1	3	2	1603
283	436	2	9	3	1609
284	436	0	15	4	1615
285	437	1	21	0	1621
286	439	2	25	1	1625
287	440	1	30	2	1630
288	442	2	36	3	1636
289	442	0	2	4	1642
290	443	1	10	0	1650
291	446	3	14	1	1654
292	448	2	18	2	1658
293	448	0	23	3	1663
294	448	0	36	4	1676
295	449	1	2	0	1682
296	452	3	6	1	1686
297	455	3	10	2	1690
298	459	4	14	3	1694
299	459	0	18	4	1698
300	460	1	28	0	1708
301	462	2	32	1	1712
302	465	3	37	2	1717
303	465	0	1	3	1721
304	466	1	10	4	1730
305	467	1	15	0	1735
306	470	3	19	1	1739
307	472	2	23	2	1743
308	474	2	28	3	1748
309	474	0	34	4	1754
310	474	0	5	0	1765
311	476	2	11	1	1771
312	479	3	16	2	1776
313	483	4	20	3	1780
314	483	0	24	4	1784
315	484	1	34	0	1794
316	486	2	38	1	1798
317	487	1	3	2	1803
318	489	2	9	3	1809
319	489	0	15	4	1815
320	490	1	21	0	1821
321	492	2	25	1	1825
322	493	1	30	2	1830
323	495	2	36	3	1836
324	495	0	2	4	1842
325	496	1	10	0	1850
326	499	3	14	1	1854
327	501	2	18	2	1858
328	501	0	23	3	1863
329	501	0	36	4	1876
330	502	1	2	0	1882
331	505	3	6	1	1886
332	508	3	10	2	1890
333	512	4	14	3	1894
334	512	0	18	4	1898
335	513	1	28	0	1908
336	515	2	32	1	1912
337	518	3	37	2	1917
338	518	0	1	3	1921
339	519	1	10	4	1930
340	520	1	15	0	1935
341	523	3	19	1	1939
342	525	2	23	2	1943
343	527	2	28	3	1948
344	527	0	34	4	1954
345	527	0	5	0	1965
346	529	2	11	1	1971
347	532	3	16	2	1976
348	536	4	20	3	1980
349	536	0	24	4	1984
350	537	1	34	0	1994
351	539	2	38	1	1998
352	540	1	3	2	2003
353	542	2	9	3	2009
354	542	0	15	4	2015
355	543	1	21	0	2021
356	545	2	25	1	2025
357	546	1	30	2	2030
358	548	2	36	3	2036
359	548	0	2	4	2042
360	549	1	10	0	2050
361	552	3	14	1	2054
362	554	2	18	2	2058
363	554	0	23	3	2063
364	554	0	36	4	2076
365	555	1	2	0	2082
366	558	3	6	1	2086
367	561	3	10	2	2090
368	565	4	14	3	2094
369	565	0	18	4	2098
370	566	1	28	0	2108
371	568	2	32	1	2112
372	571	3	37	2	2117
373	571	0	1	3	2121
374	572	1	10	4	2130
375	573	1	15	0	2135
376	576	3	19	1	2139
377	578	2	23	2	2143
378	580	2	28	3	2148
379	580	0	34	4	2154
380	580	0	5	0	2165
381	582	2	11	1	2171
382	585	3	16	2	2176
383	589	4	20	3	2180
384	589	0	24	4	2184
385	590	1	34	0	2194
386	592	2	38	1	2198
387	593	1	3	2	2203
388	595	2	9	3	2209
389	595	0	15	4	2215
390	596	1	21	0	2221
391	598	2	25	1	2225
392	599	1	30	2	2230
393	601	2	36	3	2236
394	601	0	2	4	2242
395	602	1	10	0	2250
396	605	3	14	1	2254
397	607	2	18	2	2258
398	607	0	23	3	2263
399	607	0	36	4	2276
400	608	1	2	0	2282
401	611	3	6	1	2286
402	614	3	10	2	2290
403	618	4	14	3	2294
404	618	0	18	4	2298
405	619	1	28	0	2308
406	621	2	32	1	2312
407	624	3	37	2	2317
408	624	0	1	3	2321
409	625	1	10	4	2330
410	626	1	15	0	2335
411	629	3	19	1	2339
412	631	2	23	2	2343
413	633	2	28	3	2348
414	633	0	34	4	2354
415	633	0	5	0	2365
416	635	2	11	1	2371
417	638	3	16	2	2376
418	642	4	20	3	2380
419	642	0	24	4	2384
420	643	1	34	0	2394
421	645	2	38	1	2398
422	646	1	3	2	2403
423	648	2	9	3	2409
424	648	0	15	4	2415
425	649	1	21	0	2421
426	651	2	25	1	2425
427	652	1	30	2	2430
428	654	2	36	3	2436
429	654	0	2	4	2442
430	655	1	10	0	2450
431	658	3	14	1	2454
432	660	2	18	2	2458
433	660	0	23	3	2463
434	660	0	36	4	2476
435	661	1	2	0	2482
436	664	3	6	1	2486
437	667	3	10	2	2490
438	671	4	14	3	2494
439	671	0	18	4	2498
440	672	1	28	0	2508
441	674	2	32	1	2512
442	677	3	37	2	2517
443	677	0	1	3	2521
444	678	1	10	4	2530
445	679	1	15	0	2535
446	682	3	19	1	2539
447	684	2	23	2	2543
448	686	2	28	3	2548
449	686	0	34	4	2554
450	686	0	5	0	2565
451	688	2	11	1	2571
452	691	3	16	2	2576
453	695	4	20	3	2580
454	695	0	24	4	2584
455	696	1	34	0	2594
456	698	2	38	1	2598
457	699	1	3	2	2603
458	701	2	9	3	2609
459	701	0	15	4	2615
460	702	1	21	0	2621
461	704	2	25	1	2625
462	705	1	30	2	2630
463	707	2	36	3	2636
464	707	0	2	4	2642
465	708	1	10	0	2650
466	711	3	14	1	2654
467	713	2	18	2	2658
468	713	0	23	3	2663
469	713	0	36	4	2676
470	714	1	2	0	2682
471	717	3	6	1	2686
472	720	3	10	2	2690
473	724	4	14	3	2694
474	724	0	18	4	2698
475	725	1	28	0	2708
476	727	2	32	1	2712
477	730	3	37	2	2717
478	730	0	1	3	2721
479	731	1	10	4	2730
480	732	1	15	0	2735
481	735	3	19	1	2739
482	737	2	23	2	2743
483	739	2	28	3	2748
484	739	0	34	4	2754
485	739	0	5	0	2765
486	741	2	11	1	2771
487	744	3	16	2	2776
488	748	4	20	3	2780
489	748	0	24	4	2784
490	749	1	34	0	2794
491	751	2	38	1	2798
492	752	1	3	2	2803
493	754	2	9	3	2809
494	754	0	15	4	2815
495	755	1	21	0	2821
496	757	2	25	1	2825
497	758	1	30	2	2830
498	760	2	36	3	2836
499	760	0	2	4	2842
500	761	1	10	0	2850
501	764	3	14	1	2854
502	766	2	18	2	2858
503	766	0	23	3	2863
504	766	0	36	4	2876
505	767	1	2	0	2882
506	770	3	6	1	2886
507	773	3	10	2	2890
508	777	4	14	3	2894
509	777	0	18	4	2898
510	778	1	28	0	2908
511	780	2	32	1	2912
512	783	3	37	2	2917
513	783	0	1	3	2921
514	784	1	10	4	2930
515	785	1	15	0	2935
516	788	3	19	1	2939
517	790	2	23	2	2943
518	792	2	28	3	2948
519	792	0	34	4	2954
520	792	0	5	0	2965
521	794	2	11	1	2971
522	797	3	16	2	2976
523	801	4	20	3	2980
524	801	0	24	4	2984
525	802	1	34	0	2994
526	804	2	38	1	2998
527	805	1	3	2	3003
528	807	2	9	3	3009
529	807	0	15	4	3015
530	808	1	21	0	3021
531	810	2	25	1	3025
532	811	1	30	2	3030
533	813	2	36	3	3036
534	813	0	2	4	3042
535	814	1	10	0	3050
536	817	3	14	1	3054
537	819	2	18	2	3058
538	819	0	23	3	3063
539	819	0	36	4	3076
540	820	1	2	0	3082
541	823	3	6	1	3086
542	826	3	10	2	3090
543	830	4	14	3	3094
544	830	0	18	4	3098
545	831	1	28	0	3108
546	833	2	32	1	3112
547	836	3	37	2	3117
548	836	0	1	3	3121
549	837	1	10	4	3130
550	838	1	15	0	3135
551	841	3	19	1	3139
552	843	2	23	2	3143
553	845	2	28	3	3148
554	845	0	34	4	3154
555	845	0	5	0	3165
556	847	2	11	1	3171
557	850	3	16	2	3176
558	854	4	20	3	3180
559	854	0	24	4	3184
560	855	1	34	0	3194
561	857	2	38	1	3198
562	858	1	3	2	3203
563	860	2	9	3	3209
564	860	0	15	4	3215
565	861	1	21	0	3221
566	863	2	25	1	3225
567	864	1	30	2	3230
568	866	2	36	3	3236
569	866	0	2	4	3242
570	867	1	10	0	3250
571	870	3	14	1	3254
572	872	2	18	2	3258
573	872	0	23	3	3263
574	872	0	36	4	3276
575	873	1	2	0	3282
576	876	3	6	1	3286
577	879	3	10	2	3290
578	883	4	14	3	3294
579	883	0	18	4	3298
580	884	1	28	0	3308
581	886	2	32	1	3312
582	889	3	37	2	3317
583	889	0	1	3	3321
584	890	1	10	4	3330
585	891	1	15	0	3335
586	894	3	19	1	3339
587	896	2	23	2	3343
588	898	2	28	3	3348
589	898	0	34	4	3354
590	898	0	5	0	3365
591	900	2	11	1	3371
592	903	3	16	2	3376
593	907	4	20	3	3380
594	907	0	24	4	3384
595	908	1	34	0	3394
596	910	2	38	1	3398
597	911	1	3	2	3403
598	913	2	9	3	3409
599	913	0	15	4	3415
600	914	1	21	0	3421
601	916	2	25	1	3425
602	917	1	30	2	3430
603	919	2	36	3	3436
604	919	0	2	4	3442
605	920	1	10	0	3450
606	923	3	14	1	3454
607	925	2	18	2	3458
608	925	0	23	3	3463
609	925	0	36	4	3476
610	926	1	2	0	3482
611	929	3	6	1	3486
612	932	3	10	2	3490
613	936	4	14	3	3494
614	936	0	18	4	3498
615	937	1	28	0	3508
616	939	2	32	1	3512
617	942	3	37	2	3517
618	942	0	1	3	3521
619	943	1	10	4	3530
620	944	1	15	0	3535
621	947	3	19	1	3539
622	949	2	23	2	3543
623	951	2	28	3	3548
624	951	0	34	4	3554
625	951	0	5	0	3565
626	953	2	11	1	3571
627	956	3	16	2	3576
628	960	4	20	3	3580
629	960	0	24	4	3584
630	961	1	34	0	3594
631	963	2	38	1	3598
632	964	1	3	2	3603
633	966	2	9	3	3609
634	966	0	15	4	3615
635	967	1	21	0	3621
636	969	2	25	1	3625
637	970	1	30	2	3630
638	972	2	36	3	3636
639	972	0	2	4	3642
640	973	1	10	0	3650
641	976	3	14	1	3654
642	978	2	18	2	3658
643	978	0	23	3	3663
644	978	0	36	4	3676
645	979	1	2	0	3682
646	982	3	6	1	3686
647	985	3	10	2	3690
648	989	4	14	3	3694
649	989	0	18	4	3698
650	990	1	28	0	3708
651	992	2	32	1	3712
652	995	3	37	2	3717
653	995	0	1	3	3721
654	996	1	10	4	3730
655	997	1	15	0	3735
656	1000	3	19	1	3739
657	1002	2	23	2	3743
658	1004	2	28	3	3748
659	1004	0	34	4	3754
660	1004	0	5	0	3765
661	1006	2	11	1	3771
662	1009	3	16	2	3776
663	1013	4	20	3	3780
664	1013	0	24	4	3784
665	1014	1	34	0	3794
666	1016	2	38	1	3798
667	1017	1	3	2	3803
668	1019	2	9	3	3809
669	1019	0	15	4	3815
670	1020	1	21	0	3821
671	1022	2	25	1	3825
672	1023	1	30	2	3830
673	1025	2	36	3	3836
674	1025	0	2	4	3842
675	1026	1	10	0	3850
676	1029	3	14	1	3854
677	1031	2	18	2	3858
678	1031	0	23	3	3863
679	1031	0	36	4	3876
680	1032	1	2	0	3882
681	1035	3	6	1	3886
682	1038	3	10	2	3890
683	1042	4	14	3	3894
684	1042	0	18	4	3898
685	1043	1	28	0	3908
686	1045	2	32	1	3912
687	1048	3	37	2	3917
688	1048	0	1	3	3921
689	1049	1	10	4	3930
690	1050	1	15	0	3935
691	1053	3	19	1	3939
692	1055	2	23	2	3943
693	1057	2	28	3	3948
694	1057	0	34	4	3954
695	1057	0	5	0	3965
696	1059	2	11	1	3971
697	1062	3	16	2	3976
698	1066	4	20	3	3980
699	1066	0	24	4	3984
700	1067	1	34	0	3994
701	1069	2	38	1	3998
702	1070	1	3	2	4003
703	1072	2	9	3	4009
704	1072	0	15	4	4015
705	1073	1	21	0	4021
706	1075	2	25	1	4025
707	1076	1	30	2	4030
708	1078	2	36	3	4036
709	1078	0	2	4	4042
710	1079	1	10	0	4050
711	1082	3	14	1	4054
712	1084	2	18	2	4058
713	1084	0	23	3	4063
714	1084	0	36	4	4076
715	1085	1	2	0	4082
716	1088	3	6	1	4086
717	1091	3	10	2	4090
718	1095	4	14	3	4094
719	1095	0	18	4	4098
720	1096	1	28	0	4108
721	1098	2	32	1	4112
722	1101	3	37	2	4117
723	1101	0	1	3	4121
724	1102	1	10	4	4130
725	1103	1	15	0	4135
726	1106	3	19	1	4139
727	1108	2	23	2	4143
728	1110	2	28	3	4148
729	1110	0	34	4	4154
730	1110	0	5	0	4165
731	1112	2	11	1	4171
732	1115	3	16	2	4176
733	1119	4	20	3	4180
734	1119	0	24	4	4184
735	1120	1	34	0	4194
736	1122	2	38	1	4198
737	1123	1	3	2	4203
738	1125	2	9	3	4209
739	1125	0	15	4	4215
740	1126	1	21	0	4221
741	1128	2	25	1	4225
742	1129	1	30	2	4230
743	1131	2	36	3	4236
744	1131	0	2	4	4242
745	1132	1	10	0	4250
746	1135	3	14	1	4254
747	1137	2	18	2	4258
748	1137	0	23	3	4263
749	1137	0	36	4	4276
750	1138	1	2	0	4282
751	1141	3	6	1	4286
752	1144	3	10	2	4290
753	1148	4	14	3	4294
754	1148	0	18	4	4298
755	1149	1	28	0	4308
756	1151	2	32	1	4312
757	1154	3	37	2	4317
758	1154	0	1	3	4321
759	1155	1	10	4	4330
760	1156	1	15	0	4335
761	1159	3	19	1	4339
762	1161	2	23	2	4343
763	1163	2	28	3	4348
764	1163	0	34	4	4354
765	1163	0	5	0	4365
766	1165	2	11	1	4371
767	1168	3	16	2	4376
768	1172	4	20	3	4380
769	1172	0	24	4	4384
770	1173	1	34	0	4394
771	1175	2	38	1	4398
772	1176	1	3	2	4403
773	1178	2	9	3	4409
774	1178	0	15	4	4415
775	1179	1	21	0	4421
776	1181	2	25	1	4425
777	1182	1	30	2	4430
778	1184	2	36	3	4436
779	1184	0	2	4	4442
780	1185	1	10	0	4450
781	1188	3	14	1	4454
782	1190	2	18	2	4458
783	1190	0	23	3	4463
784	1190	0	36	4	4476
785	1191	1	2	0	4482
786	1194	3	6	1	4486
787	1197	3	10	2	4490
788	1201	4	14	3	4494
789	1201	0	18	4	4498
790	1202	1	28	0	4508
791	1204	2	32	1	4512
792	1207	3	37	2	4517
793	1207	0	1	3	4521
794	1208	1	10	4	4530
795	1209	1	15	0	4535
796	1212	3	19	1	4539
797	1214	2	23	2	4543
798	1216	2	28	3	4548
799	1216	0	34	4	4554
800	1216	0	5	0	4565
801	1218	2	11	1	4571
802	1221	3	16	2	4576
803	1225	4	20	3	4580
804	1225	0	24	4	4584
805	1226	1	34	0	4594
806	1228	2	38	1	4598
807	1229	1	3	2	4603
808	1231	2	9	3	4609
809	1231	0	15	4	4615
810	1232	1	21	0	4621
811	1234	2	25	1	4625
812	1235	1	30	2	4630
813	1237	2	36	3	4636
814	1237	0	2	4	4642
815	1238	1	10	0	4650
816	1241	3	14	1	4654
817	1243	2	18	2	4658
818	1243	0	23	3	4663
819	1243	0	36	4	4676
820	1244	1	2	0	4682
821	1247	3	6	1	4686
822	1250	3	10	2	4690
823	1254	4	14	3	4694
824	1254	0	18	4	4698
825	1255	1	28	0	4708
826	1257	2	32	1	4712
827	1260	3	37	2	4717
828	1260	0	1	3	4721
829	1261	1	10	4	4730
830	1262	1	15	0	4735
831	1265	3	19	1	4739
832	1267	2	23	2	4743
833	1269	2	28	3	4748
834	1269	0	34	4	4754
835	1269	0	5	0	4765
836	1271	2	11	1	4771
837	1274	3	16	2	4776
838	1278	4	20	3	4780
839	1278	0	24	4	4784
840	1279	1	34	0	4794
841	1281	2	38	1	4798
842	1282	1	3	2	4803
843	1284	2	9	3	4809
844	1284	0	15	4	4815
845	1285	1	21	0	4821
846	1287	2	25	1	4825
847	1288	1	30	2	4830
848	1290	2	36	3	4836
849	1290	0	2	4	4842
850	1291	1	10	0	4850
851	1294	3	14	1	4854
852	1296	2	18	2	4858
853	1296	0	23	3	4863
854	1296	0	36	4	4876
855	1297	1	2	0	4882
856	1300	3	6	1	4886
857	1303	3	10	2	4890
858	1307	4	14	3	4894
859	1307	0	18	4	4898
860	1308	1	28	0	4908
861	1310	2	32	1	4912
862	1313	3	37	2	4917
863	1313	0	1	3	4921
864	1314	1	10	4	4930
865	1315	1	15	0	4935
866	1318	3	19	1	4939
867	1320	2	23	2	4943
868	1322	2	28	3	4948
869	1322	0	34	4	4954
870	1322	0	5	0	4965
871	1324	2	11	1	4971
872	1327	3	16	2	4976
873	1331	4	20	3	4980
874	1331	0	24	4	4984
875	1332	1	34	0	4994
876	1334	2	38	1	4998
877	1335	1	3	2	5003
878	1337	2	9	3	5009
879	1337	0	15	4	5015
880	1338	1	21	0	5021
881	1340	2	25	1	5025
882	1341	1	30	2	5030
883	1343	2	36	3	5036
884	1343	0	2	4	5042
885	1344	1	10	0	5050
886	1347	3	14	1	5054
887	1349	2	18	2	5058
888	1349	0	23	3	5063
889	1349	0	36	4	5076
890	1350	1	2	0	5082
891	1353	3	6	1	5086
892	1356	3	10	2	5090
893	1360	4	14	3	5094
894	1360	0	18	4	5098
895	1361	1	28	0	5108
896	1363	2	32	1	5112
897	1366	3	37	2	5117
898	1366	0	1	3	5121
899	1367	1	10	4	5130
900	1368	1	15	0	5135
901	1371	3	19	1	5139
902	1373	2	23	2	5143
903	1375	2	28	3	5148
904	1375	0	34	4	5154
905	1375	0	5	0	5165
906	1377	2	11	1	5171
907	1380	3	16	2	5176
908	1384	4	20	3	5180
909	1384	0	24	4	5184
910	1385	1	34	0	5194
911	1387	2	38	1	5198
912	1388	1	3	2	5203
913	1390	2	9	3	5209
914	1390	0	15	4	5215
915	1391	1	21	0	5221
916	1393	2	25	1	5225
917	1394	1	30	2	5230
918	1396	2	36	3	5236
919	1396	0	2	4	5242
920	1397	1	10	0	5250
921	1400	3	14	1	5254
922	1402	2	18	2	5258
923	1402	0	23	3	5263
924	1402	0	36	4	5276
925	1403	1	2	0	5282
926	1406	3	6	1	5286
927	1409	3	10	2	5290
928	1413	4	14	3	5294
929	1413	0	18	4	5298
930	1414	1	28	0	5308
931	1416	2	32	1	5312
932	1419	3	37	2	5317
933	1419	0	1	3	5321
934	1420	1	10	4	5330
935	1421	1	15	0	5335
936	1424	3	19	1	5339
937	1426	2	23	2	5343
938	1428	2	28	3	5348
939	1428	0	34	4	5354
940	1428	0	5	0	5365
941	1430	2	11	1	5371
942	1433	3	16	2	5376
943	1437	4	20	3	5380
944	1437	0	24	4	5384
945	1438	1	34	0	5394
946	1440	2	38	1	5398
947	1441	1	3	2	5403
948	1443	2	9	3	5409
949	1443	0	15	4	5415
950	1444	1	21	0	5421
951	1446	2	25	1	5425
952	1447	1	30	2	5430
953	1449	2	36	3	5436
954	1449	0	2	4	5442
955	1450	1	10	0	5450
956	1453	3	14	1	5454
957	1455	2	18	2	5458
958	1455	0	23	3	5463
959	1455	0	36	4	5476
960	1456	1	2	0	5482
961	1459	3	6	1	5486
962	1462	3	10	2	5490
963	1466	4	14	3	5494
964	1466	0	18	4	5498
965	1467	1	28	0	5508
966	1469	2	32	1	5512
967	1472	3	37	2	5517
968	1472	0	1	3	5521
969	1473	1	10	4	5530
970	1474	1	15	0	5535
971	1477	3	19	1	5539
972	1479	2	23	2	5543
973	1481	2	28	3	5548
974	1481	0	34	4	5554
975	1481	0	5	0	5565
976	1483	2	11	1	5571
977	1486	3	16	2	5576
978	1490	4	20	3	5580
979	1490	0	24	4	5584
980	1491	1	34	0	5594
981	1493	2	38	1	5598
982	1494	1	3	2	5603
983	1496	2	9	3	5609
984	1496	0	15	4	5615
985	1497	1	21	0	5621
986	1499	2	25	1	5625
987	1500	1	30	2	5630
988	1502	2	36	3	5636
989	1502	0	2	4	5642
990	1503	1	10	0	5650
991	1506	3	14	1	5654
992	1508	2	18	2	5658
993	1508	0	23	3	5663
994	1508	0	36	4	5676
995	1509	1	2	0	5682
996	1512	3	6	1	5686
997	1515	3	10	2	5690
998	1519	4	14	3	5694
999	1519	0	18	4	5698
1000	1520	1	28	0	5708
1001	1522	2	32	1	5712
1002	1525	3	37	2	5717
1003	1525	0	1	3	5721
1004	1526	1	10	4	5730
1005	1527	1	15	0	5735
1006	1530	3	19	1	5739
1007	1532	2	23	2	5743
1008	1534	2	28	3	5748
1009	1534	0	34	4	5754
1010	1534	0	5	0	5765
1011	1536	2	11	1	5771
1012	1539	3	16	2	5776
1013	1543	4	20	3	5780
1014	1543	0	24	4	5784
1015	1544	1	34	0	5794
1016	1546	2	38	1	5798
1017	1547	1	3	2	5803
1018	1549	2	9	3	5809
1019	1549	0	15	4	5815
1020	1550	1	21	0	5821
1021	1552	2	25	1	5825
1022	1553	1	30	2	5830
1023	1555	2	36	3	5836
1024	1555	0	2	4	5842
1025	1556	1	10	0	5850
1026	1559	3	14	1	5854
1027	1561	2	18	2	5858
1028	1561	0	23	3	5863
1029	1561	0	36	4	5876
1030	1562	1	2	0	5882
1031	1565	3	6	1	5886
1032	1568	3	10	2	5890
1033	1572	4	14	3	5894
1034	1572	0	18	4	5898
1035	1573	1	28	0	5908
1036	1575	2	32	1	5912
1037	1578	3	37	2	5917
1038	1578	0	1	3	5921
1039	1579	1	10	4	5930
1040	1580	1	15	0	5935
1041	1583	3	19	1	5939
1042	1585	2	23	2	5943
1043	1587	2	28	3	5948
1044	1587	0	34	4	5954
1045	1587	0	5	0	5965
1046	1589	2	11	1	5971
1047	1592	3	16	2	5976
1048	1596	4	20	3	5980
1049	1596	0	24	4	5984
1050	1597	1	34	0	5994
1051	1599	2	38	1	5998
1052	1600	1	3	2	6003
1053	1602	2	9	3	6009
1054	1602	0	15	4	6015
1055	1603	1	21	0	6021
1056	1605	2	25	1	6025
1057	1606	1	30	2	6030
1058	1608	2	36	3	6036
1059	1608	0	2	4	6042
1060	1609	1	10	0	6050
1061	1612	3	14	1	6054
1062	1614	2	18	2	6058
1063	1614	0	23	3	6063
1064	1614	0	36	4	6076
1065	1615	1	2	0	6082
1066	1618	3	6	1	6086
1067	1621	3	10	2	6090
1068	1625	4	14	3	6094
1069	1625	0	18	4	6098
1070	1626	1	28	0	6108
1071	1628	2	32	1	6112
1072	1631	3	37	2	6117
1073	1631	0	1	3	6121
1074	1632	1	10	4	6130
1075	1633	1	15	0	6135
1076	1636	3	19	1	6139
1077	1638	2	23	2	6143
1078	1640	2	28	3	6148
1079	1640	0	34	4	6154
1080	1640	0	5	0	6165
1081	1642	2	11	1	6171
1082	1645	3	16	2	6176
1083	1649	4	20	3	6180
1084	1649	0	24	4	6184
1085	1650	1	34	0	6194
1086	1652	2	38	1	6198
1087	1653	1	3	2	6203
1088	1655	2	9	3	6209
1089	1655	0	15	4	6215
1090	1656	1	21	0	6221
1091	1658	2	25	1	6225
1092	1659	1	30	2	6230
1093	1661	2	36	3	6236
1094	1661	0	2	4	6242
1095	1662	1	10	0	6250
1096	1665	3	14	1	6254
1097	1667	2	18	2	6258
1098	1667	0	23	3	6263
1099	1667	0	36	4	6276
1100	1668	1	2	0	6282
1101	1671	3	6	1	6286
1102	1674	3	10	2	6290
1103	1678	4	14	3	6294
1104	1678	0	18	4	6298
1105	1679	1	28	0	6308
1106	1681	2	32	1	6312
1107	1684	3	37	2	6317
1108	1684	0	1	3	6321
1109	1685	1	10	4	6330
1110	1686	1	15	0	6335
1111	1689	3	19	1	6339
1112	1691	2	23	2	6343
1113	1693	2	28	3	6348
1114	1693	0	34	4	6354
1115	1693	0	5	0	6365
1116	1695	2	11	1	6371
1117	1698	3	16	2	6376
1118	1702	4	20	3	6380
1119	1702	0	24	4	6384
1120	1703	1	34	0	6394
1121	1705	2	38	1	6398
1122	1706	1	3	2	6403
1123	1708	2	9	3	6409
1124	1708	0	15	4	6415
1125	1709	1	21	0	6421
1126	1711	2	25	1	6425
1127	1712	1	30	2	6430
1128	1714	2	36	3	6436
1129	1714	0	2	4	6442
1130	1715	1	10	0	6450
1131	1718	3	14	1	6454
1132	1720	2	18	2	6458
1133	1720	0	23	3	6463
1134	1720	0	36	4	6476
1135	1721	1	2	0	6482
1136	1724	3	6	1	6486
1137	1727	3	10	2	6490
1138	1731	4	14	3	6494
1139	1731	0	18	4	6498
1140	1732	1	28	0	6508
1141	1734	2	32	1	6512
1142	1737	3	37	2	6517
1143	1737	0	1	3	6521
1144	1738	1	10	4	6530
1145	1739	1	15	0	6535
1146	1742	3	19	1	6539
1147	1744	2	23	2	6543
1148	1746	2	28	3	6548
1149	1746	0	34	4	6554
1150	1746	0	5	0	6565
1151	1748	2	11	1	6571
1152	1751	3	16	2	6576
1153	1755	4	20	3	6580
1154	1755	0	24	4	6584
1155	1756	1	34	0	6594
1156	1758	2	38	1	6598
1157	1759	1	3	2	6603
1158	1761	2	9	3	6609
1159	1761	0	15	4	6615
1160	1762	1	21	0	6621
1161	1764	2	25	1	6625
1162	1765	1	30	2	6630
1163	1767	2	36	3	6636
1164	1767	0	2	4	6642
1165	1768	1	10	0	6650
1166	1771	3	14	1	6654
1167	1773	2	18	2	6658
1168	1773	0	23	3	6663
1169	1773	0	36	4	6676
1170	1774	1	2	0	6682
1171	1777	3	6	1	6686
1172	1780	3	10	2	6690
1173	1784	4	14	3	6694
1174	1784	0	18	4	6698
1175	1785	1	28	0	6708
1176	1787	2	32	1	6712
1177	1790	3	37	2	6717
1178	1790	0	1	3	6721
1179	1791	1	10	4	6730
1180	1792	1	15	0	6735
1181	1795	3	19	1	6739
1182	1797	2	23	2	6743
1183	1799	2	28	3	6748
1184	1799	0	34	4	6754
1185	1799	0	5	0	6765
1186	1801	2	11	1	6771
1187	1804	3	16	2	6776
1188	1808	4	20	3	6780
1189	1808	0	24	4	6784
1190	1809	1	34	0	6794
1191	1811	2	38	1	6798
1192	1812	1	3	2	6803
1193	1814	2	9	3	6809
1194	1814	0	15	4	6815
1195	1815	1	21	0	6821
1196	1817	2	25	1	6825
1197	1818	1	30	2	6830
1198	1820	2	36	3	6836
1199	1820	0	2	4	6842
1200	1821	1	10	0	6850
1201	1824	3	14	1	6854
1202	1826	2	18	2	6858
1203	1826	0	23	3	6863
1204	1826	0	36	4	6876
1205	1827	1	2	0	6882
1206	1830	3	6	1	6886
1207	1833	3	10	2	6890
1208	1837	4	14	3	6894
1209	1837	0	18	4	6898
1210	1838	1	28	0	6908
1211	1840	2	32	1	6912
1212	1843	3	37	2	6917
1213	1843	0	1	3	6921
1214	1844	1	10	4	6930
1215	1845	1	15	0	6935
1216	1848	3	19	1	6939
1217	1850	2	23	2	6943
1218	1852	2	28	3	6948
1219	1852	0	34	4	6954
1220	1852	0	5	0	6965
1221	1854	2	11	1	6971
1222	1857	3	16	2	6976
1223	1861	4	20	3	6980
1224	1861	0	24	4	6984
1225	1862	1	34	0	6994
1226	1864	2	38	1	6998
1227	1865	1	3	2	7003
1228	1867	2	9	3	7009
1229	1867	0	15	4	7015
1230	1868	1	21	0	7021
1231	1870	2	25	1	7025
1232	1871	1	30	2	7030
1233	1873	2	36	3	7036
1234	1873	0	2	4	7042
1235	1874	1	10	0	7050
1236	1877	3	14	1	7054
1237	1879	2	18	2	7058
1238	1879	0	23	3	7063
1239	1879	0	36	4	7076
1240	1880	1	2	0	7082
1241	1883	3	6	1	7086
1242	1886	3	10	2	7090
1243	1890	4	14	3	7094
1244	1890	0	18	4	7098
1245	1891	1	28	0	7108
1246	1893	2	32	1	7112
1247	1896	3	37	2	7117
1248	1896	0	1	3	7121
1249	1897	1	10	4	7130
1250	1898	1	15	0	7135
1251	1901	3	19	1	7139
1252	1903	2	23	2	7143
1253	1905	2	28	3	7148
1254	1905	0	34	4	7154
1255	1905	0	5	0	7165
1256	1907	2	11	1	7171
1257	1910	3	16	2	7176
1258	1914	4	20	3	7180
1259	1914	0	24	4	7184
1260	1915	1	34	0	7194
1261	1917	2	38	1	7198
1262	1918	1	3	2	7203
1263	1920	2	9	3	7209
1264	1920	0	15	4	7215
1265	1921	1	21	0	7221
1266	1923	2	25	1	7225
1267	1924	1	30	2	7230
1268	1926	2	36	3	7236
1269	1926	0	2	4	7242
1270	1927	1	10	0	7250
1271	1930	3	14	1	7254
1272	1932	2	18	2	7258
1273	1932	0	23	3	7263
1274	1932	0	36	4	7276
1275	1933	1	2	0	7282
1276	1936	3	6	1	7286
1277	1939	3	10	2	7290
1278	1943	4	14	3	7294
1279	1943	0	18	4	7298
1280	1944	1	28	0	7308
1281	1946	2	32	1	7312
1282	1949	3	37	2	7317
1283	1949	0	1	3	7321
1284	1950	1	10	4	7330
1285	1951	1	15	0	7335
1286	1954	3	19	1	7339
1287	1956	2	23	2	7343
1288	1958	2	28	3	7348
1289	1958	0	34	4	7354
1290	1958	0	5	0	7365
1291	1960	2	11	1	7371
1292	1963	3	16	2	7376
1293	1967	4	20	3	7380
1294	1967	0	24	4	7384
1295	1968	1	34	0	7394
1296	1970	2	38	1	7398
1297	1971	1	3	2	7403
1298	1973	2	9	3	7409
1299	1973	0	15	4	7415
1300	1974	1	21	0	7421
1301	1976	2	25	1	7425
1302	1977	1	30	2	7430
1303	1979	2	36	3	7436
1304	1979	0	2	4	7442
1305	1980	1	10	0	7450
1306	1983	3	14	1	7454
1307	1985	2	18	2	7458
1308	1985	0	23	3	7463
1309	1985	0	36	4	7476
1310	1986	1	2	0	7482
1311	1989	3	6	1	7486
1312	1992	3	10	2	7490
1313	1996	4	14	3	7494
1314	1996	0	18	4	7498
1315	1997	1	28	0	7508
1316	1999	2	32	1	7512
1317	2002	3	37	2	7517
1318	2002	0	1	3	7521
1319	2003	1	10	4	7530
1320	2004	1	15	0	7535
1321	2007	3	19	1	7539
1322	2009	2	23	2	7543
1323	2011	2	28	3	7548
1324	2011	0	34	4	7554
1325	2011	0	5	0	7565
1326	2013	2	11	1	7571
1327	2016	3	16	2	7576
1328	2020	4	20	3	7580
1329	2020	0	24	4	7584
1330	2021	1	34	0	7594
1331	2023	2	38	1	7598
1332	2024	1	3	2	7603
1333	2026	2	9	3	7609
1334	2026	0	15	4	7615
1335	2027	1	21	0	7621
1336	2029	2	25	1	7625
1337	2030	1	30	2	7630
1338	2032	2	36	3	7636
1339	2032	0	2	4	7642
1340	2033	1	10	0	7650
1341	2036	3	14	1	7654
1342	2038	2	18	2	7658
1343	2038	0	23	3	7663
1344	2038	0	36	4	7676
1345	2039	1	2	0	7682
1346	2042	3	6	1	7686
1347	2045	3	10	2	7690
1348	2049	4	14	3	7694
1349	2049	0	18	4	7698
1350	2050	1	28	0	7708
1351	2052	2	32	1	7712
1352	2055	3	37	2	7717
1353	2055	0	1	3	7721
1354	2056	1	10	4	7730
1355	2057	1	15	0	7735
1356	2060	3	19	1	7739
1357	2062	2	23	2	7743
1358	2064	2	28	3	7748
1359	2064	0	34	4	7754
1360	2064	0	5	0	7765
1361	2066	2	11	1	7771
1362	2069	3	16	2	7776
1363	2073	4	20	3	7780
1364	2073	0	24	4	7784
1365	2074	1	34	0	7794
1366	2076	2	38	1	7798
1367	2077	1	3	2	7803
1368	2079	2	9	3	7809
1369	2079	0	15	4	7815
1370	2080	1	21	0	7821
1371	2082	2	25	1	7825
1372	2083	1	30	2	7830
1373	2085	2	36	3	7836
1374	2085	0	2	4	7842
1375	2086	1	10	0	7850
1376	2089	3	14	1	7854
1377	2091	2	18	2	7858
1378	2091	0	23	3	7863
1379	2091	0	36	4	7876
1380	2092	1	2	0	7882
1381	2095	3	6	1	7886
1382	2098	3	10	2	7890
1383	2102	4	14	3	7894
1384	2102	0	18	4	7898
1385	2103	1	28	0	7908
1386	2105	2	32	1	7912
1387	2108	3	37	2	7917
1388	2108	0	1	3	7921
1389	2109	1	10	4	7930
1390	2110	1	15	0	7935
1391	2113	3	19	1	7939
1392	2115	2	23	2	7943
1393	2117	2	28	3	7948
1394	2117	0	34	4	7954
1395	2117	0	5	0	7965
1396	2119	2	11	1	7971
1397	2122	3	16	2	7976
1398	2126	4	20	3	7980
1399	2126	0	24	4	7984
1400	2127	1	34	0	7994
1401	2129	2	38	1	7998
1402	2130	1	3	2	8003
1403	2132	2	9	3	8009
1404	2132	0	15	4	8015
1405	2133	1	21	0	8021
1406	2135	2	25	1	8025
1407	2136	1	30	2	8030
1408	2138	2	36	3	8036
1409	2138	0	2	4	8042
1410	2139	1	10	0	8050
1411	2142	3	14	1	8054
1412	2144	2	18	2	8058
1413	2144	0	23	3	8063
1414	2144	0	36	4	8076
1415	2145	1	2	0	8082
1416	2148	3	6	1	8086
1417	2151	3	10	2	8090
1418	2155	4	14	3	8094
1419	2155	0	18	4	8098
1420	2156	1	28	0	8108
1421	2158	2	32	1	8112
1422	2161	3	37	2	8117
1423	2161	0	1	3	8121
1424	2162	1	10	4	8130
1425	2163	1	15	0	8135
1426	2166	3	19	1	8139
1427	2168	2	23	2	8143
1428	2170	2	28	3	8148
1429	2170	0	34	4	8154
1430	2170	0	5	0	8165
1431	2172	2	11	1	8171
1432	2175	3	16	2	8176
1433	2179	4	20	3	8180
1434	2179	0	24	4	8184
1435	2180	1	34	0	8194
1436	2182	2	38	1	8198
1437	2183	1	3	2	8203
1438	2185	2	9	3	8209
1439	2185	0	15	4	8215
1440	2186	1	21	0	8221
1441	2188	2	25	1	8225
1442	2189	1	30	2	8230
1443	2191	2	36	3	8236
1444	2191	0	2	4	8242
1445	2192	1	10	0	8250
1446	2195	3	14	1	8254
1447	2197	2	18	2	8258
1448	2197	0	23	3	8263
1449	2197	0	36	4	8276
1450	2198	1	2	0	8282
1451	2201	3	6	1	8286
1452	2204	3	10	2	8290
1453	2208	4	14	3	8294
1454	2208	0	18	4	8298
1455	2209	1	28	0	8308
1456	2211	2	32	1	8312
1457	2214	3	37	2	8317
1458	2214	0	1	3	8321
1459	2215	1	10	4	8330
1460	2216	1	15	0	8335
1461	2219	3	19	1	8339
1462	2221	2	23	2	8343
1463	2223	2	28	3	8348
1464	2223	0	34	4	8354
1465	2223	0	5	0	8365
1466	2225	2	11	1	8371
1467	2228	3	16	2	8376
1468	2232	4	20	3	8380
1469	2232	0	24	4	8384
1470	2233	1	34	0	8394
1471	2235	2	38	1	8398
1472	2236	1	3	2	8403
1473	2238	2	9	3	8409
1474	2238	0	15	4	8415
1475	2239	1	21	0	8421
1476	2241	2	25	1	8425
1477	2242	1	30	2	8430
1478	2244	2	36	3	8436
1479	2244	0	2	4	8442
1480	2245	1	10	0	8450
1481	2248	3	14	1	8454
1482	2250	2	18	2	8458
1483	2250	0	23	3	8463
1484	2250	0	36	4	8476
1485	2251	1	2	0	8482
1486	2254	3	6	1	8486
1487	2257	3	10	2	8490
1488	2261	4	14	3	8494
1489	2261	0	18	4	8498
1490	2262	1	28	0	8508
1491	2264	2	32	1	8512
1492	2267	3	37	2	8517
1493	2267	0	1	3	8521
1494	2268	1	10	4	8530
1495	2269	1	15	0	8535
1496	2272	3	19	1	8539
1497	2274	2	23	2	8543
1498	2276	2	28	3	8548
1499	2276	0	34	4	8554
1500	2276	0	5	0	8565
1501	2278	2	11	1	8571
1502	2281	3	16	2	8576
1503	2285	4	20	3	8580
1504	2285	0	24	4	8584
1505	2286	1	34	0	8594
1506	2288	2	38	1	8598
1507	2289	1	3	2	8603
1508	2291	2	9	3	8609
1509	2291	0	15	4	8615
1510	2292	1	21	0	8621
1511	2294	2	25	1	8625
1512	2295	1	30	2	8630
1513	2297	2	36	3	8636
1514	2297	0	2	4	8642
1515	2298	1	10	0	8650
1516	2301	3	14	1	8654
1517	2303	2	18	2	8658
1518	2303	0	23	3	8663
1519	2303	0	36	4	8676
1520	2304	1	2	0	8682
1521	2307	3	6	1	8686
1522	2310	3	10	2	8690
1523	2314	4	14	3	8694
1524	2314	0	18	4	8698
1525	2315	1	28	0	8708
1526	2317	2	32	1	8712
1527	2320	3	37	2	8717
1528	2320	0	1	3	8721
1529	2321	1	10	4	8730
1530	2322	1	15	0	8735
1531	2325	3	19	1	8739
1532	2327	2	23	2	8743
1533	2329	2	28	3	8748
1534	2329	0	34	4	8754
1535	2329	0	5	0	8765
1536	2331	2	11	1	8771
1537	2334	3	16	2	8776
1538	2338	4	20	3	8780
1539	2338	0	24	4	8784
1540	2339	1	34	0	8794
1541	2341	2	38	1	8798
1542	2342	1	3	2	8803
1543	2344	2	9	3	8809
1544	2344	0	15	4	8815
1545	2345	1	21	0	8821
1546	2347	2	25	1	8825
1547	2348	1	30	2	8830
1548	2350	2	36	3	8836
1549	2350	0	2	4	8842
1550	2351	1	10	0	8850
1551	2354	3	14	1	8854
1552	2356	2	18	2	8858
1553	2356	0	23	3	8863
1554	2356	0	36	4	8876
1555	2357	1	2	0	8882
1556	2360	3	6	1	8886
1557	2363	3	10	2	8890
1558	2367	4	14	3	8894
1559	2367	0	18	4	8898
1560	2368	1	28	0	8908
1561	2370	2	32	1	8912
1562	2373	3	37	2	8917
1563	2373	0	1	3	8921
1564	2374	1	10	4	8930
1565	2375	1	15	0	8935
1566	2378	3	19	1	8939
1567	2380	2	23	2	8943
1568	2382	2	28	3	8948
1569	2382	0	34	4	8954
1570	2382	0	5	0	8965
1571	2384	2	11	1	8971
1572	2387	3	16	2	8976
1573	2391	4	20	3	8980
1574	2391	0	24	4	8984
1575	2392	1	34	0	8994
1576	2394	2	38	1	8998
1577	2395	1	3	2	9003
1578	2397	2	9	3	9009
1579	2397	0	15	4	9015
1580	2398	1	21	0	9021
1581	2400	2	25	1	9025
1582	2401	1	30	2	9030
1583	2403	2	36	3	9036
1584	2403	0	2	4	9042
1585	2404	1	10	0	9050
1586	2407	3	14	1	9054
1587	2409	2	18	2	9058
1588	2409	0	23	3	9063
1589	2409	0	36	4	9076
1590	2410	1	2	0	9082
1591	2413	3	6	1	9086
1592	2416	3	10	2	9090
1593	2420	4	14	3	9094
1594	2420	0	18	4	9098
1595	2421	1	28	0	9108
1596	2423	2	32	1	9112
1597	2426	3	37	2	9117
1598	2426	0	1	3	9121
1599	2427	1	10	4	9130
1600	2428	1	15	0	9135
1601	2431	3	19	1	9139
1602	2433	2	23	2	9143
1603	2435	2	28	3	9148
1604	2435	0	34	4	9154
1605	2435	0	5	0	9165
1606	2437	2	11	1	9171
1607	2440	3	16	2	9176
1608	2444	4	20	3	9180
1609	2444	0	24	4	9184
1610	2445	1	34	0	9194
1611	2447	2	38	1	9198
1612	2448	1	3	2	9203
1613	2450	2	9	3	9209
1614	2450	0	15	4	9215
1615	2451	1	21	0	9221
1616	2453	2	25	1	9225
1617	2454	1	30	2	9230
1618	2456	2	36	3	9236
1619	2456	0	2	4	9242
1620	2457	1	10	0	9250
1621	2460	3	14	1	9254
1622	2462	2	18	2	9258
1623	2462	0	23	3	9263
1624	2462	0	36	4	9276
1625	2463	1	2	0	9282
1626	2466	3	6	1	9286
1627	2469	3	10	2	9290
1628	2473	4	14	3	9294
1629	2473	0	18	4	9298
1630	2474	1	28	0	9308
1631	2476	2	32	1	9312
1632	2479	3	37	2	9317
1633	2479	0	1	3	9321
1634	2480	1	10	4	9330
1635	2481	1	15	0	9335
1636	2484	3	19	1	9339
1637	2486	2	23	2	9343
1638	2488	2	28	3	9348
1639	2488	0	34	4	9354
1640	2488	0	5	0	9365
1641	2490	2	11	1	9371
1642	2493	3	16	2	9376
1643	2497	4	20	3	9380
1644	2497	0	24	4	9384
1645	2498	1	34	0	9394
1646	2500	2	38	1	9398
1647	2501	1	3	2	9403
1648	2503	2	9	3	9409
1649	2503	0	15	4	9415
1650	2504	1	21	0	9421
1651	2506	2	25	1	9425
1652	2507	1	30	2	9430
1653	2509	2	36	3	9436
1654	2509	0	2	4	9442
1655	2510	1	10	0	9450
1656	2513	3	14	1	9454
1657	2515	2	18	2	9458
1658	2515	0	23	3	9463
1659	2515	0	36	4	9476
1660	2516	1	2	0	9482
1661	2519	3	6	1	9486
1662	2522	3	10	2	9490
1663	2526	4	14	3	9494
1664	2526	0	18	4	9498
1665	2527	1	28	0	9508
1666	2529	2	32	1	9512
1667	2532	3	37	2	9517
1668	2532	0	1	3	9521
1669	2533	1	10	4	9530
1670	2534	1	15	0	9535
1671	2537	3	19	1	9539
1672	2539	2	23	2	9543
1673	2541	2	28	3	9548
1674	2541	0	34	4	9554
1675	2541	0	5	0	9565
1676	2543	2	11	1	9571
1677	2546	3	16	2	9576
1678	2550	4	20	3	9580
1679	2550	0	24	4	9584
1680	2551	1	34	0	9594
1681	2553	2	38	1	9598
1682	2554	1	3	2	9603
1683	2556	2	9	3	9609
1684	2556	0	15	4	9615
1685	2557	1	21	0	9621
1686	2559	2	25	1	9625
1687	2560	1	30	2	9630
1688	2562	2	36	3	9636
1689	2562	0	2	4	9642
1690	2563	1	10	0	9650
1691	2566	3	14	1	9654
1692	2568	2	18	2	9658
1693	2568	0	23	3	9663
1694	2568	0	36	4	9676
1695	2569	1	2	0	9682
1696	2572	3	6	1	9686
1697	2575	3	10	2	9690
1698	2579	4	14	3	9694
1699	2579	0	18	4	9698
1700	2580	1	28	0	9708
1701	2582	2	32	1	9712
1702	2585	3	37	2	9717
1703	2585	0	1	3	9721
1704	2586	1	10	4	9730
1705	2587	1	15	0	9735
1706	2590	3	19	1	9739
1707	2592	2	23	2	9743
1708	2594	2	28	3	9748
1709	2594	0	34	4	9754
1710	2594	0	5	0	9765
1711	2596	2	11	1	9771
1712	2599	3	16	2	9776
1713	2603	4	20	3	9780
1714	2603	0	24	4	9784
1715	2604	1	34	0	9794
1716	2606	2	38	1	9798
1717	2607	1	3	2	9803
1718	2609	2	9	3	9809
1719	2609	0	15	4	9815
1720	2610	1	21	0	9821
1721	2612	2	25	1	9825
1722	2613	1	30	2	9830
1723	2615	2	36	3	9836
1724	2615	0	2	4	9842
1725	2616	1	10	0	9850
1726	2619	3	14	1	9854
1727	2621	2	18	2	9858
1728	2621	0	23	3	9863
1729	2621	0	36	4	9876
1730	2622	1	2	0	9882
1731	2625	3	6	1	9886
1732	2628	3	10	2	9890
1733	2632	4	14	3	9894
1734	2632	0	18	4	9898
1735	2633	1	28	0	9908
1736	2635	2	32	1	9912
1737	2638	3	37	2	9917
1738	2638	0	1	3	9921
1739	2639	1	10	4	9930
1740	2640	1	15	0	9935
1741	2643	3	19	1	9939
1742	2645	2	23	2	9943
1743	2647	2	28	3	9948
1744	2647	0	34	4	9954
1745	2647	0	5	0	9965
1746	2649	2	11	1	9971
1747	2652	3	16	2	9976
1748	2656	4	20	3	9980
1749	2656	0	24	4	9984
1750	2657	1	34	0	9994
1751	2659	2	38	1	9998
1752	2660	1	3	2	10003
1753	2662	2	9	3	10009
1754	2662	0	15	4	10015
1755	2663	1	21	0	10021
1756	2665	2	25	1	10025
1757	2666	1	30	2	10030
1758	2668	2	36	3	10036
1759	2668	0	2	4	10042
1760	2669	1	10	0	10050
1761	2672	3	14	1	10054
1762	2674	2	18	2	10058
1763	2674	0	23	3	10063
1764	2674	0	36	4	10076
1765	2675	1	2	0	10082
1766	2678	3	6	1	10086
1767	2681	3	10	2	10090
1768	2685	4	14	3	10094
1769	2685	0	18	4	10098
1770	2686	1	28	0	10108
1771	2688	2	32	1	10112
1772	2691	3	37	2	10117
1773	2691	0	1	3	10121
1774	2692	1	10	4	10130
1775	2693	1	15	0	10135
1776	2696	3	19	1	10139
1777	2698	2	23	2	10143
1778	2700	2	28	3	10148
1779	2700	0	34	4	10154
1780	2700	0	5	0	10165
1781	2702	2	11	1	10171
1782	2705	3	16	2	10176
1783	2709	4	20	3	10180
1784	2709	0	24	4	10184
1785	2710	1	34	0	10194
1786	2712	2	38	1	10198
1787	2713	1	3	2	10203
1788	2715	2	9	3	10209
1789	2715	0	15	4	10215
1790	2716	1	21	0	10221
1791	2718	2	25	1	10225
1792	2719	1	30	2	10230
1793	2721	2	36	3	10236
1794	2721	0	2	4	10242
1795	2722	1	10	0	10250
1796	2725	3	14	1	10254
1797	2727	2	18	2	10258
1798	2727	0	23	3	10263
1799	2727	0	36	4	10276
1800	2728	1	2	0	10282
1801	2731	3	6	1	10286
1802	2734	3	10	2	10290
1803	2738	4	14	3	10294
1804	2738	0	18	4	10298
1805	2739	1	28	0	10308
1806	2741	2	32	1	10312
1807	2744	3	37	2	10317
1808	2744	0	1	3	10321
1809	2745	1	10	4	10330
1810	2746	1	15	0	10335
1811	2749	3	19	1	10339
1812	2751	2	23	2	10343
1813	2753	2	28	3	10348
1814	2753	0	34	4	10354
1815	2753	0	5	0	10365
1816	2755	2	11	1	10371
1817	2758	3	16	2	10376
1818	2762	4	20	3	10380
1819	2762	0	24	4	10384
1820	2763	1	34	0	10394
1821	2765	2	38	1	10398
1822	2766	1	3	2	10403
1823	2768	2	9	3	10409
1824	2768	0	15	4	10415
1825	2769	1	21	0	10421
1826	2771	2	25	1	10425
1827	2772	1	30	2	10430
1828	2774	2	36	3	10436
1829	2774	0	2	4	10442
1830	2775	1	10	0	10450
1831	2778	3	14	1	10454
1832	2780	2	18	2	10458
1833	2780	0	23	3	10463
1834	2780	0	36	4	10476
1835	2781	1	2	0	10482
1836	2784	3	6	1	10486
1837	2787	3	10	2	10490
1838	2791	4	14	3	10494
1839	2791	0	18	4	10498
1840	2792	1	28	0	10508
1841	2794	2	32	1	10512
1842	2797	3	37	2	10517
1843	2797	0	1	3	10521
1844	2798	1	10	4	10530
1845	2799	1	15	0	10535
1846	2802	3	19	1	10539
1847	2804	2	23	2	10543
1848	2806	2	28	3	10548
1849	2806	0	34	4	10554
1850	2806	0	5	0	10565
1851	2808	2	11	1	10571
1852	2811	3	16	2	10576
1853	2815	4	20	3	10580
1854	2815	0	24	4	10584
1855	2816	1	34	0	10594
1856	2818	2	38	1	10598
1857	2819	1	3	2	10603
1858	2821	2	9	3	10609
1859	2821	0	15	4	10615
1860	2822	1	21	0	10621
1861	2824	2	25	1	10625
1862	2825	1	30	2	10630
1863	2827	2	36	3	10636
1864	2827	0	2	4	10642
1865	2828	1	10	0	10650
1866	2831	3	14	1	10654
1867	2833	2	18	2	10658
1868	2833	0	23	3	10663
1869	2833	0	36	4	10676
1870	2834	1	2	0	10682
1871	2837	3	6	1	10686
1872	2840	3	10	2	10690
1873	2844	4	14	3	10694
1874	2844	0	18	4	10698
1875	2845	1	28	0	10708
1876	2847	2	32	1	10712
1877	2850	3	37	2	10717
1878	2850	0	1	3	10721
1879	2851	1	10	4	10730
1880	2852	1	15	0	10735
1881	2855	3	19	1	10739
1882	2857	2	23	2	10743
1883	2859	2	28	3	10748
1884	2859	0	34	4	10754
1885	2859	0	5	0	10765
1886	2861	2	11	1	10771
1887	2864	3	16	2	10776
1888	2868	4	20	3	10780
1889	2868	0	24	4	10784
1890	2869	1	34	0	10794
1891	2871	2	38	1	10798
1892	2872	1	3	2	10803
1893	2874	2	9	3	10809
1894	2874	0	15	4	10815
1895	2875	1	21	0	10821
1896	2877	2	25	1	10825
1897	2878	1	30	2	10830
1898	2880	2	36	3	10836
1899	2880	0	2	4	10842
1900	2881	1	10	0	10850
1901	2884	3	14	1	10854
1902	2886	2	18	2	10858
1903	2886	0	23	3	10863
1904	2886	0	36	4	10876
1905	2887	1	2	0	10882
1906	2890	3	6	1	10886
1907	2893	3	10	2	10890
1908	2897	4	14	3	10894
1909	2897	0	18	4	10898
1910	2898	1	28	0	10908
1911	2900	2	32	1	10912
1912	2903	3	37	2	10917
1913	2903	0	1	3	10921
1914	2904	1	10	4	10930
1915	2905	1	15	0	10935
1916	2908	3	19	1	10939
1917	2910	2	23	2	10943
1918	2912	2	28	3	10948
1919	2912	0	34	4	10954
1920	2912	0	5	0	10965
1921	2914	2	11	1	10971
1922	2917	3	16	2	10976
1923	2921	4	20	3	10980
1924	2921	0	24	4	10984
1925	2922	1	34	0	10994
1926	2924	2	38	1	10998
1927	2925	1	3	2	11003
1928	2927	2	9	3	11009
1929	2927	0	15	4	11015
1930	2928	1	21	0	11021
1931	2930	2	25	1	11025
1932	2931	1	30	2	11030
1933	2933	2	36	3	11036
1934	2933	0	2	4	11042
1935	2934	1	10	0	11050
1936	2937	3	14	1	11054
1937	2939	2	18	2	11058
1938	2939	0	23	3	11063
1939	2939	0	36	4	11076
1940	2940	1	2	0	11082
1941	2943	3	6	1	11086
1942	2946	3	10	2	11090
1943	2950	4	14	3	11094
1944	2950	0	18	4	11098
1945	2951	1	28	0	11108
1946	2953	2	32	1	11112
1947	2956	3	37	2	11117
1948	2956	0	1	3	11121
1949	2957	1	10	4	11130
1950	2958	1	15	0	11135
1951	2961	3	19	1	11139
1952	2963	2	23	2	11143
1953	2965	2	28	3	11148
1954	2965	0	34	4	11154
1955	2965	0	5	0	11165
1956	2967	2	11	1	11171
1957	2970	3	16	2	11176
1958	2974	4	20	3	11180
1959	2974	0	24	4	11184
1960	2975	1	34	0	11194
1961	2977	2	38	1	11198
1962	2978	1	3	2	11203
1963	2980	2	9	3	11209
1964	2980	0	15	4	11215
1965	2981	1	21	0	11221
1966	2983	2	25	1	11225
1967	2984	1	30	2	11230
1968	2986	2	36	3	11236
1969	2986	0	2	4	11242
1970	2987	1	10	0	11250
1971	2990	3	14	1	11254
1972	2992	2	18	2	11258
1973	2992	0	23	3	11263
1974	2992	0	36	4	11276
1975	2993	1	2	0	11282
1976	2996	3	6	1	11286
1977	2999	3	10	2	11290
1978	3003	4	14	3	11294
1979	3003	0	18	4	11298
1980	3004	1	28	0	11308
1981	3006	2	32	1	11312
1982	3009	3	37	2	11317
1983	3009	0	1	3	11321
1984	3010	1	10	4	11330
1985	3011	1	15	0	11335
1986	3014	3	19	1	11339
1987	3016	2	23	2	11343
1988	3018	2	28	3	11348
1989	3018	0	34	4	11354
1990	3018	0	5	0	11365
1991	3020	2	11	1	11371
1992	3023	3	16	2	11376
1993	3027	4	20	3	11380
1994	3027	0	24	4	11384
1995	3028	1	34	0	11394
1996	3030	2	38	1	11398
1997	3031	1	3	2	11403
1998	3033	2	9	3	11409
1999	3033	0	15	4	11415
2000	3034	1	21	0	11421
2001	3036	2	25	1	11425
2002	3037	1	30	2	11430
2003	3039	2	36	3	11436
2004	3039	0	2	4	11442
2005	3040	1	10	0	11450
2006	3043	3	14	1	11454
2007	3045	2	18	2	11458
2008	3045	0	23	3	11463
2009	3045	0	36	4	11476
2010	3046	1	2	0	11482
2011	3049	3	6	1	11486
2012	3052	3	10	2	11490
2013	3056	4	14	3	11494
2014	3056	0	18	4	11498
2015	3057	1	28	0	11508
2016	3059	2	32	1	11512
2017	3062	3	37	2	11517
2018	3062	0	1	3	11521
2019	3063	1	10	4	11530
2020	3064	1	15	0	11535
2021	3067	3	19	1	11539
2022	3069	2	23	2	11543
2023	3071	2	28	3	11548
2024	3071	0	34	4	11554
2025	3071	0	5	0	11565
2026	3073	2	11	1	11571
2027	3076	3	16	2	11576
2028	3080	4	20	3	11580
2029	3080	0	24	4	11584
2030	3081	1	34	0	11594
2031	3083	2	38	1	11598
2032	3084	1	3	2	11603
2033	3086	2	9	3	11609
2034	3086	0	15	4	11615
2035	3087	1	21	0	11621
2036	3089	2	25	1	11625
2037	3090	1	30	2	11630
2038	3092	2	36	3	11636
2039	3092	0	2	4	11642
2040	3093	1	10	0	11650
2041	3096	3	14	1	11654
2042	3098	2	18	2	11658
2043	3098	0	23	3	11663
2044	3098	0	36	4	11676
2045	3099	1	2	0	11682
2046	3102	3	6	1	11686
2047	3105	3	10	2	11690
2048	3109	4	14	3	11694
2049	3109	0	18	4	11698
2050	3110	1	28	0	11708
2051	3112	2	32	1	11712
2052	3115	3	37	2	11717
2053	3115	0	1	3	11721
2054	3116	1	10	4	11730
2055	3117	1	15	0	11735
2056	3120	3	19	1	11739
2057	3122	2	23	2	11743
2058	3124	2	28	3	11748
2059	3124	0	34	4	11754
2060	3124	0	5	0	11765
2061	3126	2	11	1	11771
2062	3129	3	16	2	11776
2063	3133	4	20	3	11780
2064	3133	0	24	4	11784
2065	3134	1	34	0	11794
2066	3136	2	38	1	11798
2067	3137	1	3	2	11803
2068	3139	2	9	3	11809
2069	3139	0	15	4	11815
2070	3140	1	21	0	11821
2071	3142	2	25	1	11825
2072	3143	1	30	2	11830
2073	3145	2	36	3	11836
2074	3145	0	2	4	11842
2075	3146	1	10	0	11850
2076	3149	3	14	1	11854
2077	3151	2	18	2	11858
2078	3151	0	23	3	11863
2079	3151	0	36	4	11876
2080	3152	1	2	0	11882
2081	3155	3	6	1	11886
2082	3158	3	10	2	11890
2083	3162	4	14	3	11894
2084	3162	0	18	4	11898
2085	3163	1	28	0	11908
2086	3165	2	32	1	11912
2087	3168	3	37	2	11917
2088	3168	0	1	3	11921
2089	3169	1	10	4	11930
2090	3170	1	15	0	11935
2091	3173	3	19	1	11939
2092	3175	2	23	2	11943
2093	3177	2	28	3	11948
2094	3177	0	34	4	11954
2095	3177	0	5	0	11965
2096	3179	2	11	1	11971
2097	3182	3	16	2	11976
2098	3186	4	20	3	11980
2099	3186	0	24	4	11984
2100	3187	1	34	0	11994
2101	3189	2	38	1	11998
2102	3190	1	3	2	12003
2103	3192	2	9	3	12009
2104	3192	0	15	4	12015
2105	3193	1	21	0	12021
2106	3195	2	25	1	12025
2107	3196	1	30	2	12030
2108	3198	2	36	3	12036
2109	3198	0	2	4	12042
2110	3199	1	10	0	12050
2111	3202	3	14	1	12054
2112	3204	2	18	2	12058
2113	3204	0	23	3	12063
2114	3204	0	36	4	12076
2115	3205	1	2	0	12082
2116	3208	3	6	1	12086
2117	3211	3	10	2	12090
2118	3215	4	14	3	12094
2119	3215	0	18	4	12098
2120	3216	1	28	0	12108
2121	3218	2	32	1	12112
2122	3221	3	37	2	12117
2123	3221	0	1	3	12121
2124	3222	1	10	4	12130
2125	3223	1	15	0	12135
2126	3226	3	19	1	12139
2127	3228	2	23	2	12143
2128	3230	2	28	3	12148
2129	3230	0	34	4	12154
2130	3230	0	5	0	12165
2131	3232	2	11	1	12171
2132	3235	3	16	2	12176
2133	3239	4	20	3	12180
2134	3239	0	24	4	12184
2135	3240	1	34	0	12194
2136	3242	2	38	1	12198
2137	3243	1	3	2	12203
2138	3245	2	9	3	12209
2139	3245	0	15	4	12215
2140	3246	1	21	0	12221
2141	3248	2	25	1	12225
2142	3249	1	30	2	12230
2143	3251	2	36	3	12236
2144	3251	0	2	4	12242
2145	3252	1	10	0	12250
2146	3255	3	14	1	12254
2147	3257	2	18	2	12258
2148	3257	0	23	3	12263
2149	3257	0	36	4	12276
2150	3258	1	2	0	12282
2151	3261	3	6	1	12286
2152	3264	3	10	2	12290
2153	3268	4	14	3	12294
2154	3268	0	18	4	12298
2155	3269	1	28	0	12308
2156	3271	2	32	1	12312
2157	3274	3	37	2	12317
2158	3274	0	1	3	12321
2159	3275	1	10	4	12330
2160	3276	1	15	0	12335
2161	3279	3	19	1	12339
2162	3281	2	23	2	12343
2163	3283	2	28	3	12348
2164	3283	0	34	4	12354
2165	3283	0	5	0	12365
2166	3285	2	11	1	12371
2167	3288	3	16	2	12376
2168	3292	4	20	3	12380
2169	3292	0	24	4	12384
2170	3293	1	34	0	12394
2171	3295	2	38	1	12398
2172	3296	1	3	2	12403
2173	3298	2	9	3	12409
2174	3298	0	15	4	12415
2175	3299	1	21	0	12421
2176	3301	2	25	1	12425
2177	3302	1	30	2	12430
2178	3304	2	36	3	12436
2179	3304	0	2	4	12442
2180	3305	1	10	0	12450
2181	3308	3	14	1	12454
2182	3310	2	18	2	12458
2183	3310	0	23	3	12463
2184	3310	0	36	4	12476
2185	3311	1	2	0	12482
2186	3314	3	6	1	12486
2187	3317	3	10	2	12490
2188	3321	4	14	3	12494
2189	3321	0	18	4	12498
2190	3322	1	28	0	12508
2191	3324	2	32	1	12512
2192	3327	3	37	2	12517
2193	3327	0	1	3	12521
2194	3328	1	10	4	12530
2195	3329	1	15	0	12535
2196	3332	3	19	1	12539
2197	3334	2	23	2	12543
2198	3336	2	28	3	12548
2199	3336	0	34	4	12554
2200	3336	0	5	0	12565
2201	3338	2	11	1	12571
2202	3341	3	16	2	12576
2203	3345	4	20	3	12580
2204	3345	0	24	4	12584
2205	3346	1	34	0	12594
2206	3348	2	38	1	12598
2207	3349	1	3	2	12603
2208	3351	2	9	3	12609
2209	3351	0	15	4	12615
2210	3352	1	21	0	12621
2211	3354	2	25	1	12625
2212	3355	1	30	2	12630
2213	3357	2	36	3	12636
2214	3357	0	2	4	12642
2215	3358	1	10	0	12650
2216	3361	3	14	1	12654
2217	3363	2	18	2	12658
2218	3363	0	23	3	12663
2219	3363	0	36	4	12676
2220	3364	1	2	0	12682
2221	3367	3	6	1	12686
2222	3370	3	10	2	12690
2223	3374	4	14	3	12694
2224	3374	0	18	4	12698
2225	3375	1	28	0	12708
2226	3377	2	32	1	12712
2227	3380	3	37	2	12717
2228	3380	0	1	3	12721
2229	3381	1	10	4	12730
2230	3382	1	15	0	12735
2231	3385	3	19	1	12739
2232	3387	2	23	2	12743
2233	3389	2	28	3	12748
2234	3389	0	34	4	12754
2235	3389	0	5	0	12765
2236	3391	2	11	1	12771
2237	3394	3	16	2	12776
2238	3398	4	20	3	12780
2239	3398	0	24	4	12784
2240	3399	1	34	0	12794
2241	3401	2	38	1	12798
2242	3402	1	3	2	12803
2243	3404	2	9	3	12809
2244	3404	0	15	4	12815
2245	3405	1	21	0	12821
2246	3407	2	25	1	12825
2247	3408	1	30	2	12830
2248	3410	2	36	3	12836
2249	3410	0	2	4	12842
2250	3411	1	10	0	12850
2251	3414	3	14	1	12854
2252	3416	2	18	2	12858
2253	3416	0	23	3	12863
2254	3416	0	36	4	12876
2255	3417	1	2	0	12882
2256	3420	3	6	1	12886
2257	3423	3	10	2	12890
2258	3427	4	14	3	12894
2259	3427	0	18	4	12898
2260	3428	1	28	0	12908
2261	3430	2	32	1	12912
2262	3433	3	37	2	12917
2263	3433	0	1	3	12921
2264	3434	1	10	4	12930
2265	3435	1	15	0	12935
2266	3438	3	19	1	12939
2267	3440	2	23	2	12943
2268	3442	2	28	3	12948
2269	3442	0	34	4	12954
2270	3442	0	5	0	12965
2271	3444	2	11	1	12971
2272	3447	3	16	2	12976
2273	3451	4	20	3	12980
2274	3451	0	24	4	12984
2275	3452	1	34	0	12994
2276	3454	2	38	1	12998
2277	3455	1	3	2	13003
2278	3457	2	9	3	13009
2279	3457	0	15	4	13015
2280	3458	1	21	0	13021
2281	3460	2	25	1	13025
2282	3461	1	30	2	13030
2283	3463	2	36	3	13036
2284	3463	0	2	4	13042
2285	3464	1	10	0	13050
2286	3467	3	14	1	13054
2287	3469	2	18	2	13058
2288	3469	0	23	3	13063
2289	3469	0	36	4	13076
2290	3470	1	2	0	13082
2291	3473	3	6	1	13086
2292	3476	3	10	2	13090
2293	3480	4	14	3	13094
2294	3480	0	18	4	13098
2295	3481	1	28	0	13108
2296	3483	2	32	1	13112
2297	3486	3	37	2	13117
2298	3486	0	1	3	13121
2299	3487	1	10	4	13130
2300	3488	1	15	0	13135
2301	3491	3	19	1	13139
2302	3493	2	23	2	13143
2303	3495	2	28	3	13148
2304	3495	0	34	4	13154
2305	3495	0	5	0	13165
2306	3497	2	11	1	13171
2307	3500	3	16	2	13176
2308	3504	4	20	3	13180
2309	3504	0	24	4	13184
2310	3505	1	34	0	13194
2311	3507	2	38	1	13198
2312	3508	1	3	2	13203
2313	3510	2	9	3	13209
2314	3510	0	15	4	13215
2315	3511	1	21	0	13221
2316	3513	2	25	1	13225
2317	3514	1	30	2	13230
2318	3516	2	36	3	13236
2319	3516	0	2	4	13242
2320	3517	1	10	0	13250
2321	3520	3	14	1	13254
2322	3522	2	18	2	13258
2323	3522	0	23	3	13263
2324	3522	0	36	4	13276
2325	3523	1	2	0	13282
2326	3526	3	6	1	13286
2327	3529	3	10	2	13290
2328	3533	4	14	3	13294
2329	3533	0	18	4	13298
2330	3534	1	28	0	13308
2331	3536	2	32	1	13312
2332	3539	3	37	2	13317
2333	3539	0	1	3	13321
2334	3540	1	10	4	13330
2335	3541	1	15	0	13335
2336	3544	3	19	1	13339
2337	3546	2	23	2	13343
2338	3548	2	28	3	13348
2339	3548	0	34	4	13354
2340	3548	0	5	0	13365
2341	3550	2	11	1	13371
2342	3553	3	16	2	13376
2343	3557	4	20	3	13380
2344	3557	0	24	4	13384
2345	3558	1	34	0	13394
2346	3560	2	38	1	13398
2347	3561	1	3	2	13403
2348	3563	2	9	3	13409
2349	3563	0	15	4	13415
2350	3564	1	21	0	13421
2351	3566	2	25	1	13425
2352	3567	1	30	2	13430
2353	3569	2	36	3	13436
2354	3569	0	2	4	13442
2355	3570	1	10	0	13450
2356	3573	3	14	1	13454
2357	3575	2	18	2	13458
2358	3575	0	23	3	13463
2359	3575	0	36	4	13476
2360	3576	1	2	0	13482
2361	3579	3	6	1	13486
2362	3582	3	10	2	13490
2363	3586	4	14	3	13494
2364	3586	0	18	4	13498
2365	3587	1	28	0	13508
2366	3589	2	32	1	13512
2367	3592	3	37	2	13517
2368	3592	0	1	3	13521
2369	3593	1	10	4	13530
2370	3594	1	15	0	13535
2371	3597	3	19	1	13539
2372	3599	2	23	2	13543
2373	3601	2	28	3	13548
2374	3601	0	34	4	13554
2375	3601	0	5	0	13565
2376	3603	2	11	1	13571
2377	3606	3	16	2	13576
2378	3610	4	20	3	13580
2379	3610	0	24	4	13584
2380	3611	1	34	0	13594
2381	3613	2	38	1	13598
2382	3614	1	3	2	13603
2383	3616	2	9	3	13609
2384	3616	0	15	4	13615
2385	3617	1	21	0	13621
2386	3619	2	25	1	13625
2387	3620	1	30	2	13630
2388	3622	2	36	3	13636
2389	3622	0	2	4	13642
2390	3623	1	10	0	13650
2391	3626	3	14	1	13654
2392	3628	2	18	2	13658
2393	3628	0	23	3	13663
2394	3628	0	36	4	13676
2395	3629	1	2	0	13682
2396	3632	3	6	1	13686
2397	3635	3	10	2	13690
2398	3639	4	14	3	13694
2399	3639	0	18	4	13698
